url_issue,hash
https://github.com/ansible/ansible/issues/39642,f99bae1776cdc87e0a3f190b76c41d77fb7dd94b
https://github.com/sqlmapproject/sqlmap/issues/182,511c3b8dcc8ed318fdb9537bd116d9ba87f1b917
https://github.com/powerline/powerline/issues/898,c6d56327791fc5cd5faba1f0df07ff251ab9f6cd
https://github.com/ansible/ansible/issues/44283,6d2c45e4477503425597dceff560f5c4c41ae456
https://github.com/ansible/ansible/issues/44468,bda074d34e46ee9862a48ed067ad42260d3f92ab
https://github.com/statsmodels/statsmodels/issues/2964,de76c65d0bd892f228f51e4ad0b0cbc0a626cf38
https://github.com/cython/cython/issues/4625,4cae7d6c3aef4f83a083f0083d22cd42c373d1fa
https://github.com/iterative/dvc/issues/5195,cffc019e1f2f5489aa5f2fc7efca38b0535a2b46
https://github.com/numpy/numpy/issues/19821,b3a66e88b005c4ca783c11e5d934451b7ca72477
https://github.com/pyro-ppl/pyro/issues/1291,942ba819bde3e0997975ef44417a2fda51d6a04d
https://github.com/beetbox/beets/issues/3184,6ee824fb0f3419a502b580b171cf9530a1a65b34
https://github.com/ansible/ansible/issues/45355,9c5275092f4759c87d4cd938a73368955934b9b9
https://github.com/numpy/numpy/issues/13077,4056847a275117a97b47fb1f88aafa2b58982d93
https://github.com/benoitc/gunicorn/issues/1024,d79ff999ce895e2ed0ea02aa8729e6da736dfc27
https://github.com/instapy/instapy/issues/3594,37028354b87058ba9a36b79d9b6393078c2ecd68
https://github.com/gamestonkterminal/gamestonkterminal/issues/1767,2ce3fe460ba2595a4e8ef99076f7921884516289
https://github.com/pypa/pipenv/issues/2414,7f7ae3244d6920bb4cd27cd835d7ee4b2ecc9a83
https://github.com/ansible/ansible/issues/45613,ede3a8cee1d6b327a495832b00b0c3e98eff3818
https://github.com/spyder-ide/spyder/issues/20297,b462b20ba68452415655bf0fd6c9a8d086053276
https://github.com/getsentry/sentry/issues/33214,590e6603ec757eccab9a50e67ef433dd3a957a8e
https://github.com/gamestonkterminal/gamestonkterminal/issues/2647,60c060afad205b9b2f37e79eafb3a3f4017f1942
https://github.com/gamestonkterminal/gamestonkterminal/issues/3782,872b920d01d6fcc94a4ac2bd5abad9ece35e677e
https://github.com/andymccurdy/redis-py/issues/2225,fd9fea6bc07bf0970a5a42c5ec1788272446910c
https://github.com/streamlink/streamlink/issues/178,3a559de6c2d1a6fe295b49db9c9ee5fecb8330fe
https://github.com/ansible/awx/issues/4567,1d2edc1d811a831f7448a3ad10161b16dc9650cc
https://github.com/spyder-ide/spyder/issues/20685,232f15a4ce8ac3cdd49a5beb34481eba6e4bab0a
https://github.com/ansible/ansible/issues/47166,dd46f953f6c88bc159c532b17e9b5c7e34f216bc
https://github.com/ansible/ansible/issues/48396,38806e85074c71246549faaf9ac025b6b2bb99c2
https://github.com/pytorchlightning/pytorch-lightning/issues/7256,7a48db591e25fa43d372d4092bfc26c66b72df88
https://github.com/numpy/numpy/issues/10354,44dfa42eeb8db02a70b5981165116d76e8d4ea0e
https://github.com/spyder-ide/spyder/issues/20497,450e50d08e12c96183769875ff164a515491fbad
https://github.com/pyro-ppl/pyro/issues/459,d2049674fedd2d5911c1be791dec765bd827726b
https://github.com/mlflow/mlflow/issues/5308,1335164d20a6521dd4ebfe3f361d19fe9672efcf
https://github.com/certbot/certbot/issues/1719,e87de72662e3ca0f78fc3ef8ddf550f457aa50bc
https://github.com/gamestonkterminal/gamestonkterminal/issues/2566,197c08e8edbc4bff7bb7f6e972e70ceab92ec22c
https://github.com/statsmodels/statsmodels/issues/6337,07ae318497fa3ce4bbeac55171ed73a9d6d0b107
https://github.com/zulko/moviepy/issues/1147,5eb20a73c959d71482effe4f30713d7d2d7c0a65
https://github.com/mailpile/mailpile/issues/620,a72aff54a256ddc886d6f7835acae515694bd700
https://github.com/ansible/ansible/issues/56577,cac93cbd1f041eac5045250a6663644cdbba3df8
https://github.com/sqlmapproject/sqlmap/issues/60,438a6369732c54737f3e74ce3e3dba306b9fe78f
https://github.com/zulko/moviepy/issues/3,25ed5a4d980b52dda114cdd88e657cbd8ea3b42a
https://github.com/python-pillow/pillow/issues/3791,ab9a25d623fdd7f8de3e724b538f5660eac589ae
https://github.com/ansible/ansible/issues/58647,1c2c1c15d0483e85b1addf4c6f15c80135ef02a3
https://github.com/microsoft/recommenders/issues/114,995e16a6269d881fcdb68e6327073548eecbe889
https://github.com/pyro-ppl/pyro/issues/813,19a35d1a32648bc5144a6698fbe3dc24c81e332d
https://github.com/ansible/ansible/issues/59990,2af67f0dce9e31fe1ea8de5b0bcb323cf915a958
https://github.com/lightning-ai/lightning/issues/687,f72e354ee62e0d07c6394a020c615d388d4206c8
https://github.com/robotframework/robotframework/issues/2217,26b48c686d7113f650eeb5819e3b5f0dd66d0238
https://github.com/ansible/ansible/issues/60223,1b45abc4f3fd736414d819601126accc4672a80c
https://github.com/ansible/ansible/issues/65489,3919a891c27c93f7f0b15fba96b18cbf77f4f252
https://github.com/ansible/ansible/issues/72256,3c2e8b99be4c001c9955bcee7baa12fd46147b90
https://github.com/celery/celery/issues/4746,b472fbccd082c4f2137d4ac40d9e7061ffaf41f7
https://github.com/openbb-finance/openbbterminal/issues/1409,4d2e0252b3681e87011c43d1e6d16d119b0662d5
https://github.com/ansible/ansible/issues/78739,79f67ed56116be11b1c992fade04acf06d9208d1
https://github.com/lightning-ai/lightning/issues/1801,663b90035c5743ced842713a6a3036737aeca16b
https://github.com/numba/numba/issues/2841,fa5bb37159d09c5bff53b83a4821e3f154892d1d
https://github.com/ansible/awx/issues/500,6062d1ec9f27006603257ff0b01a7d3dbbec2874
https://github.com/ray-project/ray/issues/14932,0f444b1a592a822d3e94dfc740e308dd5201b959
https://github.com/robotframework/robotframework/issues/241,eee60910e663f5722ad65b6b8bd062c7b2ca24da
https://github.com/ansible/ansible/issues/17638,b38181116ba13b5a60df710703cd3b85cee6d2a3
https://github.com/robotframework/robotframework/issues/1331,60bf2ba4920842eb1d7c7622d6c1ee32d8e48d58
https://github.com/pytest-dev/pytest/issues/266,48e6aa9dc7583d1273daa3d5736289a8e1742cb8
https://github.com/scipy/scipy/issues/8178,5f41f939dd3c28f126653bd76b002b80bf85923a
https://github.com/scipy/scipy/issues/3493,a22f0748ef9d7e0a63f0b4ca4e673b97c07e57fc
https://github.com/spyder-ide/spyder/issues/6731,221b5bbbbf50323b0f5dadc2f33c76fd192bc094
https://github.com/gamestonkterminal/gamestonkterminal/issues/3238,3e792d75de779053913364041dc14a290ab1e439
https://github.com/robotframework/robotframework/issues/2509,babcc471239192496868b346923d902ea4fcaedf
https://github.com/microsoft/recommenders/issues/115,026fa015a06b1d20b990e7b99fa320156dbe736d
https://github.com/powerline/powerline/issues/1065,5f37ab7e3e94f2fd1846a76af0bdb66cc1a306ee
https://github.com/ansible/ansible/issues/33857,890b97a38fdaaaa786d58af27fcdb5889b9e0a53
https://github.com/spyder-ide/spyder/issues/2,8a1f940895d59b673e96ec4a73556f7892bc1507
https://github.com/ansible/awx/issues/500,fd4b86349c5740ef2fb9d7930cb9323315b45cb3
https://github.com/pytorchlightning/pytorch-lightning/issues/1698,ee17c7c9c8226ec7227bbfa3cff96ecfe254973b
https://github.com/spyder-ide/spyder/issues/3,415e618d61cc873da1d2a0949d5fdb7b626037de
https://github.com/python-telegram-bot/python-telegram-bot/issues/2059,da452df07d4cdc4a5b8028b1bf0af6064b269a0f
https://github.com/psf/requests/issues/496,3c2f52d6813f181fc53b01f67ca25ef1fae0f321
https://github.com/simonw/datasette/issues/597,b647b5efc29300f715ba656e41b0591f342938e1
https://github.com/openbb-finance/openbbterminal/issues/3474,cca41d4f085dfc64b6cf88aa46f893960836bd0b
https://github.com/ansible/ansible/issues/35968,01ba3a4efcb7aa830e3c726de58a0690756dc6f1
https://github.com/pandas-dev/pandas/issues/20927,d75100dab6f6737f647e537cee995788120e4106
https://github.com/ansible/ansible/issues/36796,db43fe6a765412cb0b1a46f0d17563d3672cb63b
https://github.com/pytest-dev/pytest/issues/718,48d91def7e630abce1b156ee752091efa19f780a
https://github.com/ansible/ansible/issues/41142,01e1b51e33d2c8611c34e208606286d1efb59a61
https://github.com/pandas-dev/pandas/issues/4678,c6bf2eb010305bd638bb6087fb8c08d54161b261
https://github.com/spyder-ide/spyder/issues/2,a6696defc829e4a03aad8176927741f333449d06
https://github.com/borgbackup/borg/issues/5271,220d890f32f0b538e139a94008b490a8681676a8
https://github.com/spyder-ide/spyder/issues/2,16426008e35ea73362d8f27b144845568357ac3f
https://github.com/ansible/ansible/issues/42396,8bdd04c147470b5fc3367c8e82ae41c2d2e6d989
https://github.com/spyder-ide/spyder/issues/6114,beaaae7c50907f1fbdc4aea8936f530ceed7b1a1
https://github.com/aio-libs/aiohttp/issues/3628,20bfadcbfcf2be8e03e9e7fb0868a196e12b8b1c
https://github.com/scipy/scipy/issues/7847,8e56f42775f23e24c5c303d2ffc9adf820294a21
https://github.com/pytest-dev/pytest/issues/1888,c8a366e5510d1317066ef471cb1a056f902e8a5a
https://github.com/lightning-ai/lightning/issues/7889,7f4ef6d135b8b824d23be9fe2ab21f184b12ea9b
https://github.com/giampaolo/psutil/issues/63,bd0ec248a148f46a93018111fd898e33d969f4bb
https://github.com/sqlmapproject/sqlmap/issues/532,45c88b36c6009c2ea787932e348d9ea44e57860c
https://github.com/ansible/ansible/issues/42894,c6854fde29659e2fbade78ae704e1e243b0781e9
https://github.com/spyder-ide/spyder/issues/2,2c5568e46fa30788ef807fe17141b7fceb9306c3
https://github.com/ansible/ansible/issues/43198,b1d6802d71dabc1ed8bb357c28ed7b03673ef0ee
https://github.com/numpy/numpy/issues/10710,fdf4926b7af50707461f3fe96ede865dd7dfb0e6
https://github.com/gamestonkterminal/gamestonkterminal/issues/1409,4d2e0252b3681e87011c43d1e6d16d119b0662d5
https://github.com/sqlmapproject/sqlmap/issues/166,2c053d5cfb21c0e7e3fd326874e4d935b3b73fd4
https://github.com/ansible/ansible/issues/44224,38680f38f1b6a06265c92dfe8149bf7acefce0c0
https://github.com/numba/numba/issues/6386,2cd4e61365d1c65c6501ccd51eece5dcb88a6d6e
https://github.com/ansible/ansible/issues/46678,3c7a503a53aee8badf4ae3c93d01da8f496fea4c
https://github.com/ansible/ansible/issues/47076,7fcd55f3ece17f029c2480470a9025c1e54cf2c3
https://github.com/lbryio/lbry-sdk/issues/2997,6ed1614db0654d4317a73564d9c7430e4c11f9ed
https://github.com/ansible/ansible/issues/49884,65c7424a358c4d48fd37abd4267dec60e6c18515
https://github.com/giampaolo/psutil/issues/503,fdd4fd0531498944278ff70ca1c890dfb7890a92
https://github.com/spyder-ide/spyder/issues/2,c27611613e8afb250d0f5e4cbe61bdf8bbda870a
https://github.com/pyro-ppl/pyro/issues/8,bae2f61474adc271497d05b0a1572f7ad234131e
https://github.com/ansible/ansible/issues/52912,cb67235eabdce502a84f5ce7e4b0aa6c8f45c226
https://github.com/pandas-dev/pandas/issues/678,195550c7bdd051e4c0fa647678ac2bd3dd391809
https://github.com/pandas-dev/pandas/issues/16821,4efe6560e07f28de6a1834fa90e31cef31b0fb18
https://github.com/edgedb/edgedb/issues/1184,ffebad29e4abe8bc3eab58bbf2fc43a718deab1e
https://github.com/saltstack/salt/issues/9620,07a0001ae3c341cdec35a4477580e4c6562fe446
https://github.com/spyder-ide/spyder/issues/2,83fb5fedcf284902263ffe50692ac9e8c372a91f
https://github.com/iterative/dvc/issues/3508,93246f0658f5be6422b7e2d5e78bc9aeb90c370d
https://github.com/numpy/numpy/issues/1376,49c5dc14aba8a4dc30e6261679022e6f89381df4
https://github.com/qutebrowser/qutebrowser/issues/1450,bdfb9c60ccc21df278b4ee450e50d7627b367186
https://github.com/microsoft/qlib/issues/1187,848040715068c8d6ca72bd4cca91287888c91667
https://github.com/openbb-finance/openbbterminal/issues/2301,bd684dd84598b984fde63a9fa99352a2016c6722
https://github.com/scipy/scipy/issues/822,28e63776278e26c5a89ca13ea62d62e743ebd92d
https://github.com/zulip/zulip/issues/9217,ff9371d63cf1502ab319a5efaad022657ae7b0c0
https://github.com/python-telegram-bot/python-telegram-bot/issues/2947,36888a7c47b07aa74b90d79d43af87632bb4f821
https://github.com/iterative/dvc/issues/6364,20bb6ddf3cc2bd8876794f88b27ec167b1780ef9
https://github.com/wagtail/wagtail/issues/1888,8ca01a8428c9fe27c8fb9bd72e4d55f1ee570805
https://github.com/flairnlp/flair/issues/1690,b49127f766f5665c08f033e6cf696d03c41e49c2
https://github.com/streamlink/streamlink/issues/478,5b9f68ad45f6ad9f39993004648e486d86b77606
https://github.com/pytest-dev/pytest/issues/214,e7e5ee805f1123d907fa1b6812b5b3fa7934c5e7
https://github.com/psf/requests/issues/338,bc5cc0dc92ae0b6edc356c90637a0d64e1d5042b
https://github.com/ansible/ansible/issues/56813,5112feeace0079266ce9bfa7ed226b4b6561496f
https://github.com/pytest-dev/pytest/issues/305,9ccd52d538499b9f77f92ca02b85aae0d1705cd1
https://github.com/robotframework/robotframework/issues/196,2b825af498f7c2284c6009577a3c464ae30b5136
https://github.com/robotframework/robotframework/issues/822,8f74ff70a112dd31da2371d8c01e83236f3e3d80
https://github.com/netbox-community/netbox/issues/3269,3fdb655a92c6f77e4a895208166d94364b05546b
https://github.com/pandas-dev/pandas/issues/1866,59767d57a2ff0190118ff2519a2c092d7d93b7d6
https://github.com/beetbox/beets/issues/1927,fa2aa82a0d2142a933ab64adea71de7bc12d1c8f
https://github.com/ansible/ansible/issues/69822,984216f52e76b904e5b0fa0fb956ab4f1e0a7751
https://github.com/spyder-ide/spyder/issues/8,a98b8ce58338f15783560127ec63a91d2fd50873
https://github.com/spyder-ide/spyder/issues/74,3e41d5b7d3c74ad7134188fdc110d3f360672928
https://github.com/porchetta-industries/crackmapexec/issues/4,b14fe7f94f150c1e34589476506fa230c2c7fed7
https://github.com/sympy/sympy/issues/3728,87276fd8011e5909edd54a3f4b48f3cb249c67dc
https://github.com/spyder-ide/spyder/issues/3,80a19158d70a76d10030abdaf7f0d7cf8926eee8
https://github.com/pytube/pytube/issues/915,1ef61ceaa3e9b271f22e40e37c0f00919e282468
https://github.com/pytorchlightning/pytorch-lightning/issues/3274,69833dad5b2a0e7e68ed60a91a5a8c32ae22f707
https://github.com/netbox-community/netbox/issues/1275,da3879e928c56d2a1dd50fa52895bd445bcad9dc
https://github.com/pypa/pipenv/issues/4226,c4a165bce35edf661abaaa68c3cfd427664e5e25
https://github.com/scipy/scipy/issues/10360,5681835ec51b728fa0ea6237d46aa8032b9e1400
https://github.com/spyder-ide/spyder/issues/1275,5aa008ff70947d42bbc701e6834320c4ebc78f41
https://github.com/lbryio/lbry-sdk/issues/1826,2336015f9a27496ace0a73bdef25e4099762d231
https://github.com/nicolargo/glances/issues/999,cf2a386d987952e327ea02d261d59d2ba297bdda
https://github.com/pytorchlightning/pytorch-lightning/issues/1801,663b90035c5743ced842713a6a3036737aeca16b
https://github.com/psf/requests/issues/4965,d91fe00983f1c66b9a428fe1ad15bf6ea8238972
https://github.com/spyder-ide/spyder/issues/742,ff778b5f2337cb2b12b0df04a120b7afd8d177ee
https://github.com/pytest-dev/pytest/issues/57,b66b5e2715c098338bc8f6461c41dc48d78c29fb
https://github.com/scipy/scipy/issues/10773,e2b3be2a8c1aa8db648b567a793f1133170ac936
https://github.com/ansible/ansible/issues/77544,9280396e1991f2365c1df79cff83f323b0908c7a
https://github.com/ansible/ansible/issues/77679,9f16bdbdda930c9a7bf1f030d7c8855833ee4b58
https://github.com/great-expectations/great_expectations/issues/4044,0312642755f6003c70623e9aa3ceed1020373dac
https://github.com/giampaolo/psutil/issues/272,3dd8b22e2d299d3199de136ee4a170b8684234a1
https://github.com/matrix-org/synapse/issues/13131,2c2a42cc107fb02bbf7c8d4e6141cbe601221629
https://github.com/saltstack/salt/issues/44227,3a10b6aef12b3a79dc623dde6d5f70760049931b
https://github.com/ansible/ansible/issues/13453,2c8eee956fb574ab0ef2ae362a2936f95a2d80cf
https://github.com/ansible/ansible/issues/29055,636e705260780ffc721f7fa9f6973275cce9244c
https://github.com/google/jax/issues/3877,616d63b19ae08c6d58f1de8d7c41fe78ebded157
https://github.com/openbb-finance/openbbterminal/issues/3882,4303bdc682e67d26e9ed92ab647cf5afae4e142c
https://github.com/streamlit/streamlit/issues/554,97e57f45738174a69ea14649a1355a2c1939478c
https://github.com/openbb-finance/openbbterminal/issues/3782,872b920d01d6fcc94a4ac2bd5abad9ece35e677e
https://github.com/scipy/scipy/issues/16521,7d9301f7c4bb896399b5885caad855e8918763c1
https://github.com/openmined/pysyft/issues/3807,5c8e7b78eba693ea29e07eac7476aa7517e5dfef
https://github.com/ansible/ansible/issues/45633,5a3a865ca01d5f218bddcb765133ccb7f34df4ad
https://github.com/andymccurdy/redis-py/issues/2695,c0833f60a1d9ec85c589004aba6b6739e6298248
https://github.com/pytorchlightning/pytorch-lightning/issues/6107,ae6ce17598cde260f980079b5b3a4274c19eb7a1
https://github.com/mxrch/ghunt/issues/1,d7c87d7085d67273799f44c85272cbdece5a9904
https://github.com/ansible/ansible/issues/17259,a942758a0714c6176cc09a78562e9f3c62b2c8ff
https://github.com/ansible/ansible/issues/61650,0c73e47a42f69901ea892f9d0e58acb554f4e668
https://github.com/openbb-finance/openbbterminal/issues/4433,47f3e76987060b6f5709cc4a2d3644816fe6539c
https://github.com/pypa/pip/issues/22,a3c42a3bcc7c6c58c37cede825c36327488a18b4
https://github.com/spyder-ide/spyder/issues/13717,3ea0bdbbef55de203aabe800384e4fa811fb7434
https://github.com/pandas-dev/pandas/issues/13383,0f351dc475eaa5fdddf1ecd24e70ac0114e58e9b
https://github.com/saltstack/salt/issues/55192,2668851917a093995c2fbd66a02edc804a275402
https://github.com/numpy/numpy/issues/13056,bd9f33fc3201e15b86b3e4333d65f1a085d1f012
https://github.com/pandas-dev/pandas/issues/846,17caaa4392196ca7e542059353a29b74dfb458bb
https://github.com/gamestonkterminal/gamestonkterminal/issues/3131,eaa0a96f7eeefc088b9a57e928aeecb8b8e2d2d4
https://github.com/tweepy/tweepy/issues/14,4c03a2b504eda61dad792f042934d6569607b96e
https://github.com/netbox-community/netbox/issues/136,c9bf10421b31aab595ad862e8c06e021b273d488
https://github.com/gamestonkterminal/gamestonkterminal/issues/3299,1f4c150dc2435b4ad90e748e0d189b0118b69299
https://github.com/ansible/ansible/issues/19701,32f39a195befdc0a656cbaf8f3ce287a12e0246a
https://github.com/ray-project/ray/issues/10050,8d06e30a0635b54e6c276a07c308d35a5c32e65a
https://github.com/nltk/nltk/issues/2821,a31de6c687165afe64a490053c73c8e0b20ff6db
https://github.com/pytorch/vision/issues/6672,d427f36510798863a3953ba4ebf6ab364717bbbb
https://github.com/saltstack/salt/issues/20169,593ead08cfd724a5b18d5faedd0596ea11b46a16
https://github.com/pypa/pip/issues/8954,f77649e841d7bdff1ce5a29534762fb5be030414
https://github.com/ansible/ansible/issues/55347,30c9322e99606bb6eb18e950873139758286c0ef
https://github.com/netbox-community/netbox/issues/9823,c42f7ab6d36ed87844372c6bfd9883aa28e01e24
https://github.com/cookiecutter/cookiecutter/issues/656,7fcffe86fe275fc9698d62f45312f8db2ec4f962
https://github.com/open-mmlab/mmdetection/issues/9358,f8e8212df78871cde5a2e6e586320a62c003e4bf
https://github.com/pandas-dev/pandas/issues/618,81ba24df01b8513ebf7750125b1f23ec95629161
https://github.com/ansible/ansible/issues/49002,5eb7f5781e28cd382160162e611798580744d29f
https://github.com/saltstack/salt/issues/14604,ac9f1d3a3ca89cd8fdfbec63f8078e78b6ecc635
https://github.com/microsoft/qlib/issues/1135,e62684eddfa7cde61c3c0e7f79b8b1cf7c8d4fa5
https://github.com/ansible/ansible/issues/63140,0d905a0496f4554a9de57cbd3ee90e30d6249b34
https://github.com/sqlmapproject/sqlmap/issues/904,31f8d6e612acf1e7741ce21b1f9456452820773a
https://github.com/mailpile/mailpile/issues/451,197402067191a1b1ed9f68e55330cf314c402894
https://github.com/saltstack/salt/issues/20531,d50f603b25b490aebe03b5005becc8777a7f4313
https://github.com/microsoft/pyright/issues/4557,bee1466d4a448b54577bf80ee70b2c9890039a9c
https://github.com/wagtail/wagtail/issues/6352,41eccc72bcc68924d801e4048eef872ec5826897
https://github.com/cython/cython/issues/4125,735210462928d1d34efa739eed1b1ff36881eb58
https://github.com/pandas-dev/pandas/issues/1352,911fec2bb2081887ef4396a1993f2ea4ee9c9f0a
https://github.com/ansible/ansible/issues/58176,de03c007bc96a27cb4b400b1afcbf0d3451b45c1
https://github.com/ansible/ansible/issues/52854,79eeea8ea6289b29ed55361813f2179f005b7332
https://github.com/scikit-learn/scikit-learn/issues/9032,cb1b6c4734b2989ad0492b56c326858d030f3fa2
https://github.com/robotframework/robotframework/issues/520,db8e63d691c1499bfe25704c20d36783cfe0c631
https://github.com/pytest-dev/pytest/issues/5039,757ada2fd2d0f9c5e6026f8ab2ef3c1415e1ade8
https://github.com/numpy/numpy/issues/715,34e3f4966dcbd14094e00b11f6379f5c13a7c6c1
https://github.com/statsmodels/statsmodels/issues/347,e84086705fe16ddcb66c3e36670fe85ccdd31130
https://github.com/twintproject/twint/issues/152,e913c338f5890c84d460fe4fca365ddc65e9fa29
https://github.com/mailpile/mailpile/issues/356,cb27d65b66f17a994bf3420ffebecd3dcfb7de48
https://github.com/pandas-dev/pandas/issues/622,166a80dc5dfdb6aa41b2c1687069e5fd47e41cc6
https://github.com/pypa/pip/issues/219,237a8ae5771ac1367bb126f11413d256747078b1
https://github.com/ansible/ansible/issues/15919,aee3b2e4305b7b009841ef340aed42264dabb17a
https://github.com/openbb-finance/openbbterminal/issues/3993,f34b474052886159ada27fca86964b1601ffba35
https://github.com/wifiphisher/wifiphisher/issues/213,2f03bcde111542d5a9556747927dbf8944057ebb
https://github.com/spyder-ide/spyder/issues/400,f37ad3a963aa253aea664091198204ce72989d0a
https://github.com/dmlc/dgl/issues/3783,62e23bd5b14936dd471feeb1364c6b70eb9504d8
https://github.com/ansible/ansible/issues/50074,cc8e90395a9892eb58efac02ae1ac9737853d694
https://github.com/netbox-community/netbox/issues/2608,a46f68c6e47eb848ce01faf0347753e6f24b9544
https://github.com/spyder-ide/spyder/issues/579,98f2158ce6a6b329120aeda9fa1c2836378e91f5
https://github.com/saltstack/salt/issues/54755,d2f98cacead81c6338d308121b328e2dd30f916f
https://github.com/spyder-ide/spyder/issues/231,ad7f354d268ae868b75c9660bf8cc335c092e7c6
https://github.com/sympy/sympy/issues/3142,e8de230feaf0e0fcd09216eeb80833268ed8bba5
https://github.com/ansible/ansible/issues/33478,2b1f056881de044e43022ed8e2d437b2dbb9c1b6
https://github.com/saltstack/salt/issues/20422,231d4e64acea2e5d0e721b89afd5408269a37754
https://github.com/benoitc/gunicorn/issues/76,4fe426cd669653ff8087c16718a29b21df3d1261
https://github.com/ansible/ansible/issues/46225,2f44ac4edcb517106f1588cd5e46add67d1ba6d5
https://github.com/ansible/ansible/issues/6227,ad70e9bcd633e9c088d912d81ef97d56c696e62a
https://github.com/tiangolo/fastapi/issues/2,0976185af96ab2ee39c949c0456be616b01f8669
https://github.com/pytest-dev/pytest/issues/3,c1fcf9c4d8710d7f204058f1f99677675f838099
https://github.com/ansible/ansible/issues/65861,06d997b2b2c3034dd5d567127df54b93f8ee0f34
https://github.com/qutebrowser/qutebrowser/issues/3251,6e719d1796c0a2669f986e38a3bb9f9f74afb7c3
https://github.com/pytorchlightning/pytorch-lightning/issues/4979,a51477ff258e3b054afe0c31116e66a1c009758b
https://github.com/locustio/locust/issues/4,ed074f60815161712ecc635188f4ca6f1fd1353d
https://github.com/rapptz/discord.py/issues/7818,25ad5b675c044e67c160e8a18a4753e93efec26d
https://github.com/secdev/scapy/issues/3567,44e4121a727c04af5a580fb8923c55d96d535a07
https://github.com/porchetta-industries/crackmapexec/issues/439,719f18ac784c239ec9583d3dbaa9836a4f6ea499
https://github.com/pandas-dev/pandas/issues/9680,cf6203793cc2dd9d3de571ec3def57726244abd4
https://github.com/gamestonkterminal/gamestonkterminal/issues/2206,a1ee2bc0ba55098b01d638b6066508da0be3e9c2
https://github.com/ansible/ansible/issues/63046,d336a14da6c02d41add2c6210dacca87babd501f
https://github.com/ansible/ansible/issues/36456,52f20574729147e78f488ab8cf35621ca6907869
https://github.com/pytest-dev/pytest/issues/188,bf5b2264747fdccd56c124147f1971125bf82566
https://github.com/gallopsled/pwntools/issues/1029,ebbe917713582ec0cc6e5ae49c01f07e70212667
https://github.com/pytorchlightning/pytorch-lightning/issues/6410,4260b71cc77b7a44e061668d0d408d847f550156
https://github.com/numpy/numpy/issues/15723,24192935730d6dbb24e3d11b7f40f309b786c0ad
https://github.com/ansible/ansible/issues/39748,ad91793428736f7bb1b9e3e89f82de944cdab2fb
https://github.com/spyder-ide/spyder/issues/574,c6d797d2ec5183403d68b3d3d22e0ad596ab75f0
https://github.com/scipy/scipy/issues/12324,0b77a6dfdebf249254552da9ea22a1d178b5003e
https://github.com/keras-team/autokeras/issues/300,85da4149f4100ca0aab1257311a277dcd2e11e9e
https://github.com/saltstack/salt/issues/11727,c8dc89bfc44265a3f98d3e8565da216c3ba29d10
https://github.com/numba/numba/issues/6668,558117b47188488fd9f69514abb9fbd9a8f9d8d7
https://github.com/saltstack/salt/issues/6833,f97d07fed0798974aa0c49094453d97ac69e1afd
https://github.com/ansible/ansible/issues/36252,ce6595b5673f919c3556c9b0c200dc6e3731032b
https://github.com/ansible/ansible/issues/27977,9d84a4e530033e8b4a79be4f59e698dcb250cd82
https://github.com/spyder-ide/spyder/issues/2,2e69c81fb7fc2c7def99e8b7b3f242286a9060e2
https://github.com/netbox-community/netbox/issues/7813,17e01644f5ff6d55a18f5f308058cd3258b7f6c0
https://github.com/lbryio/lbry-sdk/issues/2164,a05c44ad1e5c497368972d401102e7e1dacd42c7
https://github.com/spyder-ide/spyder/issues/434,9a36064603334bdae5d3473d79e6e0b8fe3f5998
https://github.com/zulko/moviepy/issues/1118,fc691e9de5d25c65c4a284544a36f27a7c270c4a
https://github.com/saltstack/salt/issues/20496,df7c09e616a21787846d9e7369ae08832778460a
https://github.com/openbb-finance/openbbterminal/issues/2350,90fe23b400b99c0c84e4920ee28221e1372b622e
https://github.com/openbb-finance/openbbterminal/issues/4079,da69e6dde657eba3756527e40aee4ce445ed9269
https://github.com/robotframework/robotframework/issues/3264,c32496b779df13558a2976351d59d317064f1dc2
https://github.com/ansible/ansible/issues/80898,660f1726c814e9d7502cdb7ba046ee8ad9014e63
https://github.com/spyder-ide/spyder/issues/3,532fbb27d630af19c9f5a5a735c1219ff8b18af7
https://github.com/ansible/ansible/issues/15859,4bb4c7e68ed2bbac95b0d2cec3822b2ed8104b72
https://github.com/ansible/ansible/issues/54957,6fff8e1d7e46ed5c7bc498e3a566dd2dabdcaa8c
https://github.com/ansible/ansible/issues/47851,c3fc2d27d91cb74b6b604d6a249c3df577c6807a
https://github.com/zulko/moviepy/issues/722,6cbd4f347735e8bdd8224589f986e42addbec8a1
https://github.com/jumpserver/jumpserver/issues/9871,21352a2ab7563c50ee331925129b55edd7fdd53a
https://github.com/octoprint/octoprint/issues/3689,e91fcd6387c96d8aa92070f7a14b6558773446d1
https://github.com/scikit-learn/scikit-learn/issues/4751,0ee4d973b547cf54ea80864f725f4859c524eef1
https://github.com/ansible/ansible/issues/58159,58d446e61afe3e923d60fc7a8734d47860f3d86f
https://github.com/spyder-ide/spyder/issues/11704,0d53fd1090bb0bf23fdeac4880518b693748538c
https://github.com/saltstack/salt/issues/34734,075e0e60c119ea8eac0ba02fb06a4c7cf5d2d99c
https://github.com/ansible/awx/issues/4388,b7f469baabbc527140d28b387cdb73260d99e131
https://github.com/pytest-dev/pytest/issues/4344,198fcd8a6f442e67b309e4ee2015944d93c6497e
https://github.com/ansible/ansible/issues/51141,959939b8669879a717c670c3ab0acc138119cf20
https://github.com/pandas-dev/pandas/issues/4554,89a65d206a6d8c4ae805f1402f36b76f54e17b62
https://github.com/ansible/ansible/issues/49266,34c57b4c4291f7d4fb51df8a0459b37428e344c4
https://github.com/spyder-ide/spyder/issues/2,3e9f222b2d68c7cd0ae73ed5bf580e197c08f57c
https://github.com/mlflow/mlflow/issues/7427,69c9d5329941e6305599f57df40e723d280d1c61
https://github.com/pandas-dev/pandas/issues/9755,c6c201e27c7ed57a823ec7261340dfeec1e0226a
https://github.com/ansible/awx/issues/4020,9bae9d32c7820682f50c1e96f7451484e3a57507
https://github.com/saltstack/salt/issues/42219,46e357a5b85117b8945f5588e12899a6ac595b35
https://github.com/ytdl-org/youtube-dl/issues/1,1c11204056566c2983f0a837897d882581880f41
https://github.com/scikit-learn/scikit-learn/issues/1155,c4d9e87522763230b06146c4deb2c5ad453deb6c
https://github.com/numpy/numpy/issues/13312,741c8b4dc95e4fa8a2ba0d003611c9c874ec9cab
https://github.com/pandas-dev/pandas/issues/47481,5d880ea3c0b023d62ce169d567137a5596ddd2bf
https://github.com/ansible/ansible/issues/74108,84e473a26ea95afec207409c42ba872c009fe6b6
https://github.com/openmined/pysyft/issues/1350,5616b191da16a1e01c1dfa7d9f2bfbdf3821c19e
https://github.com/giampaolo/psutil/issues/21,789fc71db6be84c3e596d60d961ce268743e9ca3
https://github.com/spyder-ide/spyder/issues/14163,a49665a25002f8dee1af3cd6d5d015c409eb4f4d
https://github.com/spyder-ide/spyder/issues/2,15089aff70361d6db2c8ddaec98232170fd068ac
https://github.com/pandas-dev/pandas/issues/4902,75a916a038c62400aa6431c8e9a2deb6e86a350e
https://github.com/openbb-finance/openbbterminal/issues/1767,2ce3fe460ba2595a4e8ef99076f7921884516289
https://github.com/ansible/ansible/issues/52825,81d58cfef6a3148229c8ceec11fe6ea2cf0e91c2
https://github.com/ansible/ansible/issues/10467,23f75380166d73fc9a4cc8250811fc6259bd5036
https://github.com/readthedocs/readthedocs.org/issues/5309,5978ec9943d4c4b56cb55cefd5bd401e574d97ec
https://github.com/openbb-finance/openbbterminal/issues/3302,19660ff3ee39458bd78e729b97fca4a4e552c160
https://github.com/spyder-ide/spyder/issues/2,291ee40db39dcafe5c46e2a8f9927dd41aaf1221
https://github.com/celery/celery/issues/5934,d6cd7f5cc21b4d616bb84d6ee422fa3bca61a8e5
https://github.com/ansible/ansible/issues/54610,ec03ddd33606b05e7bf048a60e20ee3b75f17ca8
https://github.com/saltstack/salt/issues/38370,32bf7652c42ac09b960b6e4c6c2f3e5328bc1df7
https://github.com/ansible/awx/issues/11161,7c9626b0e7c0b7835c8ff42970c6f1740f3b10fe
https://github.com/ansible/ansible/issues/45991,ac492476e5389e17b8d401174f18b73e59a7fb06
https://github.com/ansible/ansible/issues/76326,472028c869669dc05abd110ba8a335326c13ba8c
https://github.com/scipy/scipy/issues/1330,f8a4a04195211ffabdf60843b3f28bf1f9c849d4
https://github.com/ansible/awx/issues/4376,2608e8d47d2b98fcf1f551c47ce66d1cd5907e2e
https://github.com/spyder-ide/spyder/issues/2,3b77f858cf81cde0930c06f858b67c95b8851368
https://github.com/celery/celery/issues/5056,9b39fc41998c708c6612f0c7bf4393bf48f72e9b
https://github.com/lightning-ai/lightning/issues/5923,309ce7a96664316b0f42147d6a849001d841559a
https://github.com/spyder-ide/spyder/issues/2,403669c0a9e71690889ce64d2f42328af03d2aae
https://github.com/mlflow/mlflow/issues/1820,ed6fa273e2188ffc5c4673b03857fa1469411598
https://github.com/spyder-ide/spyder/issues/2042,87b23efa3a81e87449cda73a06d0ded5f640ffdd
https://github.com/pandas-dev/pandas/issues/15348,61deba5cfc43425e35c8fc61bcad1123c83a6a5a
https://github.com/ansible/ansible/issues/77609,3980eb8c09d170a861351f8aff4a1aa1a8cbb626
https://github.com/giampaolo/psutil/issues/331,c79b7eafa46bfd7fa71c38463d32ca99f95d3ab5
https://github.com/celery/celery/issues/5671,c06ae78bf6edd3ea7ed96aa2e3e541ef690ef6e7
https://github.com/lightning-ai/lightning/issues/13845,c3911700d155cdda0c6735da19cbcc98724ef6f5
https://github.com/zulko/moviepy/issues/1467,7183eaa107b8436ab2277bc5470d2cb124b7d0ca
https://github.com/epistasislab/tpot/issues/1066,0812112b7502b7a7cad2819224c64c84321842ce
https://github.com/scipy/scipy/issues/8662,8655560aa19bbde2b5505ed1e8297474f6706872
https://github.com/iterative/dvc/issues/6587,39d5d36033fa790249d9b5012df427c6fb54e3ca
https://github.com/prefecthq/prefect/issues/6111,7b40e26d5097daf3d1ad9c10925f6ea5f56283d9
https://github.com/sympy/sympy/issues/3229,df856837d7a6b23a6c7eb4cd2573f81e2a10689d
https://github.com/pandas-dev/pandas/issues/31464,d857cd12b3ae11be788ba96015383a5b7464ecc9
https://github.com/ansible/ansible/issues/74217,bd1acb74c8c3e3587d807b723449ce55d8b99812
https://github.com/spyder-ide/spyder/issues/19124,3e1a44b3b78c04b5ba74726a6921824228263f49
https://github.com/andymccurdy/redis-py/issues/2520,55298e49caa5d76a7371568d2773e8e245b388a1
https://github.com/netbox-community/netbox/issues/1103,f643f2c6017833e9996988f455d013938286ea5e
https://github.com/gamestonkterminal/gamestonkterminal/issues/2301,bd684dd84598b984fde63a9fa99352a2016c6722
https://github.com/lightning-ai/lightning/issues/4485,7e08b0d710208e980f27896aa62a59f26f0cb3b3
https://github.com/ansible/ansible/issues/38281,1850bb752f9f1cf54b62e279e3ef79f41e970fdc
https://github.com/spyder-ide/spyder/issues/13753,e8f64d7332ffab806be92b3340f71c87f96fb556
https://github.com/ansible/ansible/issues/44770,1e3b927a73a33951ae116d49aa727a77a7fb00ea
https://github.com/ansible/ansible/issues/20097,1786c81a654611fe2c4ca4f03904aab0b533c1ed
https://github.com/gamestonkterminal/gamestonkterminal/issues/3993,f34b474052886159ada27fca86964b1601ffba35
https://github.com/ansible/ansible/issues/65718,1cfab26fabc4f89a8f8103a8fe35111ef6ec9ff1
https://github.com/sqlmapproject/sqlmap/issues/883,5b0d74146e917290abe5ff79bdad9571b6747d5e
https://github.com/wagtail/wagtail/issues/1785,a3473544b8aef16e16147a0cdeb8e3247943a66b
https://github.com/sqlmapproject/sqlmap/issues/132,bdbe8ff9d906a3817cada2ef49d947f4b727a8d6
https://github.com/ansible/awx/issues/955,ac3f7d0fac886c8c7cac82ccb3c10661b1ad8366
https://github.com/docopt/docopt/issues/34,68984f5bc02d5014a4ba9e648c1577c207c69603
https://github.com/ansible/ansible/issues/6655,3194fbd36577d1612513cff2b9bfa72052877a92
https://github.com/netbox-community/netbox/issues/12639,5de9d3f15f4f5bc82ebbe5f650dcd528fe9bf250
https://github.com/spyder-ide/spyder/issues/20082,9130f175479f411e385a5bb9c3f6f64f77051020
https://github.com/ansible/ansible/issues/43473,741fa025a06b1e63278ad5f3e0963e39126a94da
https://github.com/netbox-community/netbox/issues/1312,af9fa85cc1ec3ae9704d7d03a741c19ff8019bdd
https://github.com/zulip/zulip/issues/6639,298c59f7fd3887422207916aa7d44955a6166d9e
https://github.com/pymc-devs/pymc/issues/488,fc66a40cc7021fdb7c0432396db5f1b92da48524
https://github.com/modin-project/modin/issues/2887,d1ce361987d2d1b2fd0237b902098131236cac6f
https://github.com/ansible/ansible/issues/11815,52666799641171a676f075a19f9ef733acacb870
https://github.com/sqlmapproject/sqlmap/issues/513,28eca2116f80edfdc9d5b21bf964215f1c89c387
https://github.com/giampaolo/psutil/issues/5,d13a8ada3a428021e32036fa2553eaff48e62152
https://github.com/numpy/numpy/issues/1187,d0bba527fa3ade5674c670b6df1d7ad0346603c1
https://github.com/spyder-ide/spyder/issues/2022,08596df5a484cce6852e193a7b938e5c200aec43
https://github.com/pytest-dev/pytest/issues/18,c3aee4b1e64efa7893bcacbfde793e04f01a8dda
https://github.com/ansible/ansible/issues/26109,c9b00d2f029e65bcef2c1d979bb203f1bb518a7b
https://github.com/scipy/scipy/issues/859,84a3939fa8594b3ca46239ad91317fad1991cefd
https://github.com/cython/cython/issues/4144,c137916c358770587ac6ca58a28a55fdd7c17f27
https://github.com/robotframework/robotframework/issues/1333,75eee0a9915081784abd2e5e4ff0a1886d0efdab
https://github.com/ansible/ansible/issues/41665,729e7471d6b1d5c324ff9ae284b40ca316f10bbb
https://github.com/google/jax/issues/1521,c8ac813ec1996c38830a97eaafdb820364503bc8
https://github.com/ansible/ansible/issues/31730,53445ded84a1e6320a2bc0c90f094a0953e0adeb
https://github.com/openbb-finance/openbbterminal/issues/4973,425b740eda00e2b6bd25211616438af7ca648cc5
https://github.com/openbb-finance/openbbterminal/issues/2647,60c060afad205b9b2f37e79eafb3a3f4017f1942
https://github.com/ansible/awx/issues/10348,30b7535ca2ac1ef4a28dce1bb9f03efcd79b518a
https://github.com/celery/celery/issues/5299,67b908261634f4f640fe2edfe3b90402d00ae1ff
https://github.com/lightning-ai/lightning/issues/6781,3e3175d0748ef461bf13b2258c8acdbe3a7bc8a5
https://github.com/pytorchlightning/pytorch-lightning/issues/13845,c3911700d155cdda0c6735da19cbcc98724ef6f5
https://github.com/matplotlib/matplotlib/issues/2973,c6f97095c8ce308a8290ca9d5a2df116d4268c3b
https://github.com/porchetta-industries/crackmapexec/issues/321,b7960003432a024a12616dfb6131e59ccc230be9
https://github.com/gamestonkterminal/gamestonkterminal/issues/1952,82e38cfdc164f21775dc7625e4f756ec1eaa7021
https://github.com/numpy/numpy/issues/21659,df01bb56d56cbdb82deb543cb5824074b8659c1b
https://github.com/netbox-community/netbox/issues/1992,d665d4d62a883940b84b1ee484b189ea163f870c
https://github.com/pypa/pip/issues/7924,315447d1703f1d17ad42b74e5f940fe4118d0106
https://github.com/tweepy/tweepy/issues/570,ad85ce17171c196de27521482322983579ace5c1
https://github.com/microsoft/qlib/issues/407,ee269b091464b9f9c4846ca4dfedb1292e4088d5
https://github.com/sqlmapproject/sqlmap/issues/650,f6e1d9e0260c1349846974ce42f9a13042d5c580
https://github.com/ansible/ansible/issues/51198,2cb9ec9f0eb8cff86b06dce145696c80b938f052
https://github.com/spyder-ide/spyder/issues/9,b3f9aff70a26b58f9876f8ff77d6b2dad0cf9e41
https://github.com/secdev/scapy/issues/417,2a60580701f82df7d719c82b22d25a7ced1556e5
https://github.com/giampaolo/psutil/issues/275,0d8c6ee142edffd715eeafba4abe785d2c9ef139
https://github.com/numpy/numpy/issues/3213,06aafa56b25ba15063b3cbc701eb67b352d1e14f
https://github.com/numpy/numpy/issues/14981,5856c486ac5dd62a6ac9b2a861aa86802e6e0edd
https://github.com/ansible/ansible/issues/60805,5434bf74c646d0f61bf11b6a9c207d34547d0191
https://github.com/pymc-devs/pymc/issues/4393,acb8da03005c28f33f55395b8c18ab73aae771a6
https://github.com/ansible/ansible/issues/30539,7714dcd04e3b931b693383127e51f9dff9236dc4
https://github.com/pandas-dev/pandas/issues/1046,1152d7837da14485e75e3fee3fec9e1479e31eca
https://github.com/octoprint/octoprint/issues/3653,5246e2ccb46931a07ace169fa2eda02afeeb3cf4
https://github.com/netbox-community/netbox/issues/8102,f95e5100606b07ea03513f1ae278774619ca3805
https://github.com/ansible/ansible/issues/33503,18aca480750e835d88c71723c7f85d6bc92b8bd5
https://github.com/spyder-ide/spyder/issues/2,8f558985ae301ae088dea0b1ecc8f29461d3d720
https://github.com/rusty1s/pytorch_geometric/issues/6304,e7e5d232c441afad90a503590e9b32be2f85ee37
https://github.com/facebookresearch/detectron2/issues/1064,362e263bd96870df0217ef3a2c4bec1c542f0a21
https://github.com/microsoft/recommenders/issues/114,e35a4cb0bbb61f2b64aa1ba73e385f64098f0c3e
https://github.com/lightning-ai/lightning/issues/10493,1de3539eac6e83992735b64bf517beaa840a13f2
https://github.com/ansible/ansible/issues/75526,baa20fba2f0c48049416e09b2999f7f1fb0e7213
https://github.com/celery/celery/issues/1921,0da634c90d2795975c025d667e89421aa6a8c1e5
https://github.com/pytorchlightning/pytorch-lightning/issues/6746,3007872d018c30ec4f81b6604e2295f62554cb46
https://github.com/streamlit/streamlit/issues/198,88a296eff95fcc329e25ac1e502b8ebd38a50d20
https://github.com/ansible/awx/issues/2739,a13712074f0a02735a5af6f4917cb0e3843f5282
https://github.com/saltstack/salt/issues/44272,f972715a45a2212bd81dacd3dc3f4f9722eb9f46
https://github.com/pymc-devs/pymc/issues/259,3badfea5161bac59d488f931c13d47e102fe30da
https://github.com/pandas-dev/pandas/issues/3110,9eb46897987b958293fb979a1375e37700398e57
https://github.com/andymccurdy/redis-py/issues/2628,8b58ebb73e03970fade4d3f9e2c961831713c228
https://github.com/spyder-ide/spyder/issues/479,62d46e28b3f12c665c5d742ce58d933c46d9623f
https://github.com/ansible/ansible/issues/62461,3b86dc3e12e334707251111b4188244db95a81ea
https://github.com/pandas-dev/pandas/issues/9266,384eb45587172b67c5de358b3e3c05cb0f61cdbd
https://github.com/iterative/dvc/issues/5611,d365e6d5b4881cf6a9ce8d08232c7289d9d1b786
https://github.com/pytorchlightning/pytorch-lightning/issues/15485,9c20cad40e4142f8a5e945fe26e919e598f2bd56
https://github.com/encode/django-rest-framework/issues/1712,fe048dc4fbf064b11d7247061c931bb1038cc774
https://github.com/ansible/ansible/issues/15985,d08fda9320628c8ec318ba4ade89b1fb6f71619d
https://github.com/spyder-ide/spyder/issues/2064,c0ce198b560b19b764769645a97549542f00d55f
https://github.com/ansible/awx/issues/8359,0cdcbdfea6435113714e31486cfe4ce3fd12f482
https://github.com/networkx/networkx/issues/3415,1e49d31bc010543627697a7f6d90d716e0b5e7f8
https://github.com/ansible/ansible/issues/39652,5ef2c5314edf5e006e6180adf792d979e7dc6db0
https://github.com/ansible/ansible/issues/10643,b509de6c84f58fc7226c738e10e1e8a53a03d1f3
https://github.com/flairnlp/flair/issues/233,239cd8c1c16cddc9c9dbbd375e2895b1a17e3ed9
https://github.com/pytest-dev/pytest/issues/6,b7fe3ee2b3bb5db09e30a59d0c8ed9ba894a8b93
https://github.com/psf/requests/issues/2540,f02d0f9e79a3aa3f0b716871f457ceb8f446bdba
https://github.com/ansible/ansible/issues/17934,8b9ded35563d55ff542f8ab25b0809ce199878bc
https://github.com/robotframework/robotframework/issues/979,17de3ad69efe669e51e75f1f92d3fed23fbbcd73
https://github.com/ansible/ansible/issues/41550,119e6d680b38b4d091967002ce05cd7f3f3eddbc
https://github.com/iterative/dvc/issues/5171,01a4473c202cfe549283ddb4c1a5ff5eaddcd868
https://github.com/numpy/numpy/issues/2591,079ca4d2da488ffb7af1fc923728c3abde867231
https://github.com/mlflow/mlflow/issues/7589,ab1aeb7b69e1a050a020c11ad759cb8d7eae3365
https://github.com/scipy/scipy/issues/11741,fef7d622f9754d0a8de5d67425913eda97338dab
https://github.com/spyder-ide/spyder/issues/2514,077ba6ee72183331766115bb137b1dd1a80d7b24
https://github.com/ansible/ansible/issues/44313,8323f3e3b7964fc78b7358a71462340e5f17ff50
https://github.com/pytorchlightning/pytorch-lightning/issues/5923,309ce7a96664316b0f42147d6a849001d841559a
https://github.com/ansible/ansible/issues/62716,831e1bf2e0375446c4a4ee04c1831b1b9b683e94
https://github.com/modin-project/modin/issues/6396,2a6aafed41f7758d75dab88517c76b5cdb1905fc
https://github.com/celery/celery/issues/4638,f58447dd411d421420ed6470d719f5043c0abb48
https://github.com/giampaolo/psutil/issues/24,49382f09078280b8800441d0156d8cddd611abeb
https://github.com/giampaolo/psutil/issues/203,737933eda1e9957bdfeccc92b8cacf40aa154aa0
https://github.com/mxrch/ghunt/issues/329,8a52d6229b29be1e9da287b7ef3b45e382ce592f
https://github.com/robotframework/robotframework/issues/443,eb42a15e1fb300a0dd184ad58b846598624d0b6c
https://github.com/mvt-project/mvt/issues/296,200e26d9065c1bfe9c569e6422e2b66dab765b09
https://github.com/giampaolo/psutil/issues/341,5b50df569558456bccde708ee478681673701dae
https://github.com/saltstack/salt/issues/23039,c4e5c130daa4f49d33d96b3fea1d69feac28b2d4
https://github.com/spyder-ide/spyder/issues/2080,cfe1bc022e911115b030bc3f4d898312419bef1e